{"K": [[302.1030878724713, 0.0, 641.0339274669843], [0.0, 301.6897807246739, 470.78225383217136], [0.0, 0.0, 1.0]], "D": [[0.17416650742905954], [-0.028971686298927973], [-2.554409216231444e-05], [-0.0011821148590736715]]}