{"K": [[397.6782358237967, 0.0, 574.7099101375464], [0.0, 408.69445975422536, 509.644674998026], [0.0, 0.0, 1.0]], "D": [[-0.05764259124067915, -0.06100530199486006, 0.006760711942155807, 0.005652381166107312, 0.020701372354218164]]}